<?xml version="1.0"?>
<listaEmpresas>
   <empresa id="BNR">
      <nombre> Banco de Desarrollo Rural </nombre>
      <abreviatura> Banrural </abreviatura>
      <listaPuntosAtencion>
         <puntoAtencion id="VN">
            <nombre> Banrural Villa Nueva </nombre>
            <direccion> Centro comercial zona 1 </direccion>
            <listaEscritorios>
               <escritorio id="B10"> 
                  <identificacion> B10 </identificacion>
                  <encargado> Julius Ramirez </encargado>
               </escritorio>
               <escritorio id="A20"> 
                  <identificacion> A20 </identificacion>
                  <encargado> Isaac Newton </encargado>
               </escritorio>
            </listaEscritorios>
         </puntoAtencion>
         <puntoAtencion id="AMTLN">
            <nombre> Banrural Amatitlan </nombre>
            <direccion> Centro comercial Flores </direccion>
            <listaEscritorios>
               <escritorio id="C30"> 
                  <identificacion> C30 </identificacion>
                  <encargado> Carlo Magno </encargado>
               </escritorio>
               <escritorio id="D40"> 
                  <identificacion> D40 </identificacion>
                  <encargado> Albert Einstein </encargado>
               </escritorio>
               <escritorio id="E50"> 
                  <identificacion> E50 </identificacion>
                  <encargado> Galileo Galilei </encargado>
               </escritorio>
               <escritorio id="F60"> 
                  <identificacion> F60 </identificacion>
                  <encargado> Euclides </encargado>
               </escritorio>
            </listaEscritorios>
         </puntoAtencion>
      </listaPuntosAtencion>
      <listaTransacciones>
         <transaccion id="COCH"> 
            <nombre> Cobro de cheque </nombre>
            <tiempoAtencion> 8 </tiempoAtencion>
         </transaccion>
         <transaccion id="REEF"> 
            <nombre> Retiro efectivo </nombre>
            <tiempoAtencion> 5 </tiempoAtencion>
         </transaccion>
         <transaccion id="DEEF"> 
            <nombre> Depositar efectivo </nombre>
            <tiempoAtencion> 5 </tiempoAtencion>
         </transaccion>
         <transaccion id="APCU"> 
            <nombre> Aperturar cuenta bancaria </nombre>
            <tiempoAtencion> 15 </tiempoAtencion>
         </transaccion>
         <transaccion id="CECU"> 
            <nombre> Cerrar cuenta bancaria </nombre>
            <tiempoAtencion> 10 </tiempoAtencion>
         </transaccion>
         <transaccion id="COSE"> 
            <nombre> Contratar seguro </nombre>
            <tiempoAtencion> 10 </tiempoAtencion>
         </transaccion>
      </listaTransacciones>
   </empresa>
   <empresa id="CLR">
      <nombre> Claro </nombre>
      <abreviatura> Claro </abreviatura>
      <listaPuntosAtencion>
         <puntoAtencion id="VN">
            <nombre> Claro Villa Nueva </nombre>
            <direccion> Centro comercial zona 1 </direccion>
            <listaEscritorios>
               <escritorio id="G900"> 
                  <identificacion> G900 </identificacion>
                  <encargado> Charles Darwin </encargado>
               </escritorio>
               <escritorio id="H800"> 
                  <identificacion> H800 </identificacion>
                  <encargado> Genghis Khan </encargado>
               </escritorio>
            </listaEscritorios>
         </puntoAtencion>
         <puntoAtencion id="AMTLN">
            <nombre> Claro Amatitlan </nombre>
            <direccion> Centro comercial Flores </direccion>
            <listaEscritorios>
               <escritorio id="I700"> 
                  <identificacion> I700 </identificacion>
                  <encargado> Nicola Tesla </encargado>
               </escritorio>
               <escritorio id="J600"> 
                  <identificacion> J600 </identificacion>
                  <encargado> Henry Cavil </encargado>
               </escritorio>
               <escritorio id="K500"> 
                  <identificacion> K500 </identificacion>
                  <encargado> Ana de Armas </encargado>
               </escritorio>
               <escritorio id="SIUU"> 
                  <identificacion> SIUU </identificacion>
                  <encargado> Messi </encargado>
               </escritorio>
            </listaEscritorios>
         </puntoAtencion>
      </listaPuntosAtencion>
      <listaTransacciones>
         <transaccion id="COCA"> 
            <nombre> Contratar casa claro </nombre>
            <tiempoAtencion> 10 </tiempoAtencion>
         </transaccion>
         <transaccion id="CASE"> 
            <nombre> Cancerlar servicios </nombre>
            <tiempoAtencion> 8 </tiempoAtencion>
         </transaccion>
         <transaccion id="PAME"> 
            <nombre> Pagar mensualidad del servicio </nombre>
            <tiempoAtencion> 5 </tiempoAtencion>
         </transaccion>
         <transaccion id="COPR"> 
            <nombre> Comprar productos de la tienda </nombre>
            <tiempoAtencion> 10 </tiempoAtencion>
         </transaccion>
      </listaTransacciones>
   </empresa>
</listaEmpresas>